Date,Close,High,Low,Open,Volume
2024-05-14 00:00:00,10.479999542236328,10.720000267028809,9.199999809265137,9.359999656677246,66713.0
2024-05-15 00:00:00,9.920000076293945,10.800000190734863,9.600000381469727,10.079999923706055,40138.0
2024-05-16 00:00:00,9.600000381469727,10.15999984741211,9.4399995803833,10.15999984741211,33538.0
2024-05-17 00:00:00,10.720000267028809,11.359999656677246,9.640000343322754,9.84000015258789,100163.0
2024-05-20 00:00:00,11.039999961853027,11.84000015258789,10.399999618530273,10.880000114440918,83013.0
2024-05-21 00:00:00,10.239999771118164,10.960000038146973,9.84000015258789,10.720000267028809,39650.0
2024-05-22 00:00:00,9.680000305175781,10.239999771118164,9.4399995803833,10.15999984741211,16950.0
2024-05-23 00:00:00,8.800000190734863,9.680000305175781,8.079999923706055,9.520000457763672,32675.0
2024-05-24 00:00:00,8.800000190734863,9.4399995803833,8.5600004196167,9.359999656677246,12913.0
2024-05-28 00:00:00,8.479999542236328,9.119999885559082,8.239999771118164,8.800000190734863,12388.0
2024-05-29 00:00:00,8.0,8.944000244140625,7.296000003814697,8.399999618530273,23325.0
2024-05-30 00:00:00,8.0,8.15999984741211,7.447999954223633,8.0,20088.0
2024-05-31 00:00:00,7.48799991607666,8.0,7.360000133514404,7.760000228881836,11763.0
2024-06-03 00:00:00,7.440000057220459,7.760000228881836,7.296000003814697,7.679999828338623,13475.0
2024-06-04 00:00:00,10.399999618530273,10.800000190734863,7.375999927520752,7.679999828338623,252788.0
2024-06-05 00:00:00,12.15999984741211,18.799999237060547,10.479999542236328,17.280000686645508,5326013.0
2024-06-06 00:00:00,10.319999694824219,11.680000305175781,9.680000305175781,10.960000038146973,186925.0
2024-06-07 00:00:00,9.119999885559082,9.815999984741211,8.15999984741211,8.960000038146973,110075.0
2024-06-10 00:00:00,8.079999923706055,9.039999961853027,8.0,8.479999542236328,45663.0
2024-06-11 00:00:00,9.119999885559082,9.760000228881836,7.800000190734863,8.15999984741211,59613.0
2024-06-12 00:00:00,9.119999885559082,9.199999809265137,8.399999618530273,8.479999542236328,19725.0
2024-06-13 00:00:00,8.960000038146973,9.279999732971191,8.5600004196167,8.880000114440918,14463.0
2024-06-14 00:00:00,8.800000190734863,9.199999809265137,8.5600004196167,8.960000038146973,23938.0
2024-06-17 00:00:00,8.399999618530273,8.960000038146973,8.319999694824219,8.960000038146973,18400.0
2024-06-18 00:00:00,7.679999828338623,8.479999542236328,7.679999828338623,8.399999618530273,29375.0
2024-06-20 00:00:00,7.51200008392334,7.920000076293945,7.360000133514404,7.639999866485596,17025.0
2024-06-21 00:00:00,7.25600004196167,7.440000057220459,7.039999961853027,7.360000133514404,15100.0
2024-06-24 00:00:00,7.360000133514404,7.599999904632568,7.119999885559082,7.360000133514404,14425.0
2024-06-25 00:00:00,7.440000057220459,7.840000152587891,7.400000095367432,7.599999904632568,15763.0
2024-06-26 00:00:00,7.440000057220459,7.599999904632568,7.136000156402588,7.216000080108643,9775.0
2024-06-27 00:00:00,7.360000133514404,7.519999980926514,7.159999847412109,7.519999980926514,11025.0
2024-06-28 00:00:00,7.360000133514404,7.440000057220459,7.119999885559082,7.440000057220459,7600.0
2024-07-01 00:00:00,6.880000114440918,7.415999889373779,6.800000190734863,7.28000020980835,15638.0
2024-07-02 00:00:00,6.760000228881836,7.199999809265137,6.48799991607666,6.960000038146973,14975.0
2024-07-03 00:00:00,6.800000190734863,6.800000190734863,6.3520002365112305,6.535999774932861,15888.0
2024-07-05 00:00:00,6.328000068664551,6.639999866485596,6.0879998207092285,6.208000183105469,36200.0
2024-07-08 00:00:00,6.239999771118164,6.559999942779541,6.159999847412109,6.216000080108643,5413.0
2024-07-09 00:00:00,6.375999927520752,6.480000019073486,6.0960001945495605,6.320000171661377,15113.0
2024-07-10 00:00:00,7.0320000648498535,7.119999885559082,6.415999889373779,6.480000019073486,22813.0
2024-07-11 00:00:00,7.28000020980835,7.840000152587891,7.039999961853027,7.28000020980835,32175.0
2024-07-12 00:00:00,7.119999885559082,7.840000152587891,6.888000011444092,7.440000057220459,37000.0
2024-07-15 00:00:00,7.480000019073486,7.599999904632568,7.039999961853027,7.136000156402588,13425.0
2024-07-16 00:00:00,7.360000133514404,7.576000213623047,7.039999961853027,7.576000213623047,5563.0
2024-07-17 00:00:00,7.440000057220459,7.559999942779541,7.136000156402588,7.136000156402588,13488.0
2024-07-18 00:00:00,7.519999980926514,7.599999904632568,6.927999973297119,7.360000133514404,12888.0
2024-07-19 00:00:00,7.28000020980835,7.519999980926514,6.808000087738037,7.519999980926514,14000.0
2024-07-22 00:00:00,6.616000175476074,7.208000183105469,6.440000057220459,7.208000183105469,31200.0
2024-07-23 00:00:00,6.400000095367432,6.831999778747559,6.343999862670898,6.480000019073486,15713.0
2024-07-24 00:00:00,6.191999912261963,6.751999855041504,6.168000221252441,6.464000225067139,14825.0
2024-07-25 00:00:00,6.25600004196167,6.400000095367432,6.159999847412109,6.223999977111816,4363.0
2024-07-26 00:00:00,6.423999786376953,6.639999866485596,6.239999771118164,6.400000095367432,8575.0
2024-07-29 00:00:00,6.159999847412109,6.639999866485596,6.0879998207092285,6.639999866485596,12400.0
2024-07-30 00:00:00,6.015999794006348,6.400000095367432,5.791999816894531,6.320000171661377,5875.0
2024-07-31 00:00:00,5.679999828338623,6.303999900817871,5.679999828338623,6.079999923706055,13938.0
2024-08-01 00:00:00,5.127999782562256,6.0,5.119999885559082,5.760000228881836,12475.0
2024-08-02 00:00:00,4.5920000076293945,5.104000091552734,4.559999942779541,5.0960001945495605,14938.0
2024-08-05 00:00:00,4.639999866485596,4.639999866485596,4.047999858856201,4.296000003814697,7838.0
2024-08-06 00:00:00,4.599999904632568,5.119999885559082,4.127999782562256,4.360000133514404,10988.0
2024-08-07 00:00:00,4.480000019073486,5.039999961853027,4.400000095367432,5.0320000648498535,4738.0
2024-08-08 00:00:00,4.559999942779541,4.71999979019165,4.239999771118164,4.71999979019165,4613.0
2024-08-09 00:00:00,4.559999942779541,4.800000190734863,4.360000133514404,4.639999866485596,5975.0
2024-08-12 00:00:00,5.415999889373779,5.415999889373779,4.71999979019165,4.823999881744385,13200.0
2024-08-13 00:00:00,6.0,6.383999824523926,5.599999904632568,5.599999904632568,16050.0
2024-08-14 00:00:00,6.079999923706055,6.320000171661377,5.840000152587891,5.840000152587891,74375.0
2024-08-15 00:00:00,6.400000095367432,6.639999866485596,6.239999771118164,6.239999771118164,33963.0
2024-08-16 00:00:00,5.48799991607666,6.320000171661377,5.199999809265137,6.320000171661377,17975.0
2024-08-19 00:00:00,6.320000171661377,6.599999904632568,4.607999801635742,5.320000171661377,24750.0
2024-08-20 00:00:00,6.0879998207092285,6.119999885559082,5.607999801635742,5.831999778747559,4725.0
2024-08-21 00:00:00,5.888000011444092,5.9679999351501465,5.392000198364258,5.9679999351501465,5850.0
2024-08-22 00:00:00,6.0,6.311999797821045,5.760000228881836,5.920000076293945,5488.0
2024-08-23 00:00:00,5.920000076293945,6.159999847412109,4.960000038146973,6.159999847412109,5213.0
2024-08-26 00:00:00,6.0,6.0,5.4720001220703125,5.599999904632568,4875.0
2024-08-27 00:00:00,5.840000152587891,6.064000129699707,5.4720001220703125,6.064000129699707,7675.0
2024-08-28 00:00:00,5.23199987411499,5.920000076293945,4.895999908447266,5.855999946594238,16250.0
2024-08-29 00:00:00,5.239999771118164,5.519999980926514,5.199999809265137,5.495999813079834,5863.0
2024-08-30 00:00:00,5.199999809265137,5.760000228881836,5.047999858856201,5.400000095367432,5038.0
2024-09-03 00:00:00,5.039999961853027,5.599999904632568,4.960000038146973,5.464000225067139,6800.0
2024-09-04 00:00:00,5.119999885559082,5.199999809265137,5.056000232696533,5.056000232696533,1363.0
2024-09-05 00:00:00,4.872000217437744,5.28000020980835,4.599999904632568,5.039999961853027,6475.0
2024-09-06 00:00:00,4.400000095367432,5.199999809265137,4.0879998207092285,4.800000190734863,9400.0
2024-09-09 00:00:00,4.544000148773193,5.119999885559082,4.400000095367432,4.800000190734863,4000.0
2024-09-10 00:00:00,4.447999954223633,4.71999979019165,4.239999771118164,4.559999942779541,2175.0
2024-09-11 00:00:00,4.736000061035156,5.440000057220459,4.248000144958496,4.368000030517578,36175.0
2024-09-12 00:00:00,4.800000190734863,4.880000114440918,4.400000095367432,4.880000114440918,12825.0
2024-09-13 00:00:00,5.840000152587891,6.159999847412109,4.559999942779541,4.960000038146973,150375.0
2024-09-16 00:00:00,5.9039998054504395,5.9039998054504395,5.216000080108643,5.519999980926514,52000.0
2024-09-17 00:00:00,7.311999797821045,9.920000076293945,5.6479997634887695,5.920000076293945,490863.0
2024-09-18 00:00:00,6.0,6.800000190734863,4.800000190734863,6.639999866485596,141350.0
2024-09-19 00:00:00,5.599999904632568,5.984000205993652,5.208000183105469,5.984000205993652,34913.0
2024-09-20 00:00:00,5.320000171661377,5.679999828338623,5.28000020980835,5.432000160217285,18500.0
2024-09-23 00:00:00,5.480000019073486,5.631999969482422,5.303999900817871,5.631999969482422,8788.0
2024-09-24 00:00:00,5.504000186920166,5.607999801635742,5.320000171661377,5.535999774932861,12200.0
2024-09-25 00:00:00,5.136000156402588,5.519999980926514,5.047999858856201,5.464000225067139,12663.0
2024-09-26 00:00:00,5.383999824523926,5.671999931335449,5.119999885559082,5.119999885559082,14538.0
2024-09-27 00:00:00,5.6479997634887695,6.400000095367432,5.248000144958496,5.599999904632568,52088.0
2024-09-30 00:00:00,6.159999847412109,6.400000095367432,5.4079999923706055,5.504000186920166,66088.0
2024-10-01 00:00:00,6.552000045776367,6.783999919891357,5.840000152587891,6.079999923706055,29750.0
2024-10-02 00:00:00,7.519999980926514,8.399999618530273,6.800000190734863,7.039999961853027,127813.0
2024-10-03 00:00:00,6.9679999351501465,7.519999980926514,6.48799991607666,7.423999786376953,26613.0
2024-10-04 00:00:00,7.679999828338623,7.760000228881836,6.656000137329102,6.751999855041504,33975.0
2024-10-07 00:00:00,8.543999671936035,9.359999656677246,7.599999904632568,7.679999828338623,100400.0
2024-10-08 00:00:00,7.760000228881836,8.119999885559082,6.960000038146973,7.840000152587891,45175.0
2024-10-09 00:00:00,7.679999828338623,8.319999694824219,7.159999847412109,8.319999694824219,28313.0
2024-10-10 00:00:00,7.072000026702881,7.863999843597412,6.920000076293945,7.5279998779296875,23325.0
2024-10-11 00:00:00,7.199999809265137,7.519999980926514,6.296000003814697,6.960000038146973,33200.0
2024-10-14 00:00:00,7.199999809265137,7.360000133514404,6.639999866485596,7.199999809265137,9588.0
2024-10-15 00:00:00,6.840000152587891,7.191999912261963,6.383999824523926,6.984000205993652,21175.0
2024-10-16 00:00:00,7.191999912261963,7.199999809265137,6.567999839782715,6.567999839782715,7900.0
2024-10-17 00:00:00,6.111999988555908,7.599999904632568,5.920000076293945,7.360000133514404,67713.0
2024-10-18 00:00:00,6.0879998207092285,6.432000160217285,5.624000072479248,6.168000221252441,47725.0
2024-10-21 00:00:00,6.039999961853027,6.239999771118164,5.76800012588501,6.159999847412109,19250.0
2024-10-22 00:00:00,6.599999904632568,6.639999866485596,5.8480000495910645,5.97599983215332,27400.0
2024-10-23 00:00:00,6.0,6.480000019073486,5.8480000495910645,6.320000171661377,10763.0
2024-10-24 00:00:00,6.328000068664551,6.328000068664551,5.840000152587891,6.007999897003174,13225.0
2024-10-25 00:00:00,7.432000160217285,7.9120001792907715,6.0,6.320000171661377,104063.0
2024-10-28 00:00:00,6.800000190734863,7.440000057220459,6.015999794006348,7.440000057220459,25825.0
2024-10-29 00:00:00,7.199999809265137,7.360000133514404,6.4079999923706055,6.840000152587891,20975.0
2024-10-30 00:00:00,6.639999866485596,7.519999980926514,6.559999942779541,7.064000129699707,10613.0
2024-10-31 00:00:00,6.880000114440918,6.960000038146973,6.400000095367432,6.711999893188477,12163.0
2024-11-01 00:00:00,7.28000020980835,8.640000343322754,6.559999942779541,6.783999919891357,143075.0
2024-11-04 00:00:00,7.360000133514404,7.631999969482422,6.960000038146973,7.28000020980835,24300.0
2024-11-05 00:00:00,7.199999809265137,7.239999771118164,6.800000190734863,7.119999885559082,10475.0
2024-11-06 00:00:00,7.28000020980835,7.440000057220459,6.920000076293945,7.039999961853027,8125.0
2024-11-07 00:00:00,7.199999809265137,7.360000133514404,6.800000190734863,7.360000133514404,7650.0
2024-11-08 00:00:00,6.751999855041504,7.199999809265137,6.71999979019165,6.984000205993652,7888.0
2024-11-11 00:00:00,6.400000095367432,7.104000091552734,6.02400016784668,7.104000091552734,17513.0
2024-11-12 00:00:00,6.440000057220459,6.599999904632568,6.239999771118164,6.239999771118164,4563.0
2024-11-13 00:00:00,6.400000095367432,7.199999809265137,6.072000026702881,6.559999942779541,10638.0
2024-11-14 00:00:00,6.400000095367432,6.480000019073486,6.079999923706055,6.400000095367432,2038.0
2024-11-15 00:00:00,5.992000102996826,6.343999862670898,5.888000011444092,6.343999862670898,5650.0
2024-11-18 00:00:00,5.840000152587891,5.992000102996826,5.616000175476074,5.992000102996826,5000.0
2024-11-19 00:00:00,5.920000076293945,5.920000076293945,5.607999801635742,5.840000152587891,2663.0
2024-11-20 00:00:00,5.920000076293945,5.920000076293945,5.607999801635742,5.760000228881836,4050.0
2024-11-21 00:00:00,5.840000152587891,5.9039998054504395,5.639999866485596,5.639999866485596,6050.0
2024-11-22 00:00:00,6.039999961853027,6.320000171661377,5.679999828338623,5.920000076293945,11488.0
2024-11-25 00:00:00,6.392000198364258,6.656000137329102,5.840000152587891,6.288000106811523,9538.0
2024-11-26 00:00:00,6.079999923706055,6.248000144958496,5.855999946594238,5.960000038146973,3913.0
2024-11-27 00:00:00,5.880000114440918,6.064000129699707,5.688000202178955,5.880000114440918,6188.0
2024-11-29 00:00:00,6.079999923706055,6.239999771118164,5.639999866485596,5.920000076293945,3825.0
2024-12-02 00:00:00,5.776000022888184,6.1519999504089355,5.696000099182129,6.079999923706055,4963.0
2024-12-03 00:00:00,5.760000228881836,6.0,5.607999801635742,5.760000228881836,5725.0
2024-12-04 00:00:00,5.6479997634887695,5.855999946594238,5.455999851226807,5.855999946594238,4413.0
2024-12-05 00:00:00,5.519999980926514,5.760000228881836,5.440000057220459,5.599999904632568,4325.0
2024-12-06 00:00:00,5.831999778747559,6.0,5.360000133514404,5.504000186920166,5800.0
2024-12-09 00:00:00,6.271999835968018,6.320000171661377,5.440000057220459,6.0,9750.0
2024-12-10 00:00:00,6.191999912261963,6.320000171661377,5.760000228881836,6.320000171661377,3263.0
2024-12-11 00:00:00,6.239999771118164,6.320000171661377,5.599999904632568,5.920000076293945,5150.0
2024-12-12 00:00:00,6.23199987411499,6.480000019073486,5.920000076293945,6.400000095367432,3525.0
2024-12-13 00:00:00,6.079999923706055,6.23199987411499,5.783999919891357,6.0320000648498535,4350.0
2024-12-16 00:00:00,6.0,6.0,5.760000228881836,5.880000114440918,1775.0
2024-12-17 00:00:00,6.0,6.079999923706055,5.199999809265137,5.823999881744385,12163.0
2024-12-18 00:00:00,5.760000228881836,6.0,5.576000213623047,5.760000228881836,7850.0
2024-12-19 00:00:00,5.599999904632568,5.599999904632568,5.199999809265137,5.599999904632568,8538.0
2024-12-20 00:00:00,5.599999904632568,5.984000205993652,5.28000020980835,5.8480000495910645,4613.0
2024-12-23 00:00:00,5.303999900817871,5.599999904632568,4.815999984741211,5.440000057220459,24963.0
2024-12-24 00:00:00,5.400000095367432,5.51200008392334,5.039999961853027,5.343999862670898,10100.0
2024-12-26 00:00:00,5.360000133514404,5.447999954223633,5.047999858856201,5.360000133514404,12863.0
2024-12-27 00:00:00,5.199999809265137,5.400000095367432,4.800000190734863,5.360000133514404,29700.0
2024-12-30 00:00:00,5.599999904632568,5.71999979019165,5.199999809265137,5.3520002365112305,6950.0
2024-12-31 00:00:00,5.375999927520752,7.440000057220459,5.360000133514404,5.400000095367432,252050.0
2025-01-02 00:00:00,5.823999881744385,6.199999809265137,5.047999858856201,5.519999980926514,177675.0
2025-01-03 00:00:00,10.239999771118164,12.640000343322754,8.640000343322754,10.800000190734863,9900575.0
2025-01-06 00:00:00,7.815999984741211,8.720000267028809,7.039999961853027,7.208000183105469,370338.0
2025-01-07 00:00:00,7.303999900817871,7.760000228881836,7.28000020980835,7.679999828338623,59550.0
2025-01-08 00:00:00,6.559999942779541,7.144000053405762,6.0,6.800000190734863,41463.0
2025-01-10 00:00:00,5.9679999351501465,6.400000095367432,5.840000152587891,6.400000095367432,25225.0
2025-01-13 00:00:00,5.9039998054504395,6.079999923706055,5.599999904632568,6.0,11950.0
2025-01-14 00:00:00,5.760000228881836,6.320000171661377,5.760000228881836,5.880000114440918,11888.0
2025-01-15 00:00:00,5.9679999351501465,6.0,5.567999839782715,5.607999801635742,14225.0
2025-01-16 00:00:00,5.616000175476074,5.9679999351501465,5.599999904632568,5.808000087738037,12713.0
2025-01-17 00:00:00,5.840000152587891,6.079999923706055,5.616000175476074,5.760000228881836,11338.0
2025-01-21 00:00:00,5.599999904632568,5.760000228881836,5.360000133514404,5.760000228881836,20313.0
2025-01-22 00:00:00,5.559999942779541,5.800000190734863,5.519999980926514,5.519999980926514,9338.0
2025-01-23 00:00:00,5.6479997634887695,5.823999881744385,5.440000057220459,5.679999828338623,12875.0
2025-01-24 00:00:00,5.760000228881836,6.239999771118164,5.599999904632568,5.920000076293945,29575.0
2025-01-27 00:00:00,6.239999771118164,6.320000171661377,5.8480000495910645,6.159999847412109,40725.0
2025-01-28 00:00:00,6.751999855041504,7.039999961853027,6.007999897003174,6.239999771118164,346600.0
2025-01-29 00:00:00,5.992000102996826,6.960000038146973,5.607999801635742,6.703999996185303,118188.0
2025-01-30 00:00:00,5.815999984741211,6.02400016784668,5.519999980926514,5.599999904632568,16338.0
2025-01-31 00:00:00,5.760000228881836,5.840000152587891,5.4720001220703125,5.679999828338623,19725.0
2025-02-03 00:00:00,5.607999801635742,5.840000152587891,5.599999904632568,5.760000228881836,4063.0
2025-02-04 00:00:00,5.888000011444092,6.072000026702881,5.519999980926514,5.815999984741211,11213.0
2025-02-05 00:00:00,5.935999870300293,6.0,5.607999801635742,5.688000202178955,17438.0
2025-02-06 00:00:00,5.679999828338623,6.02400016784668,5.6479997634887695,5.920000076293945,4875.0
2025-02-07 00:00:00,5.9120001792907715,5.9120001792907715,5.599999904632568,5.599999904632568,3563.0
2025-02-10 00:00:00,5.576000213623047,5.840000152587891,5.447999954223633,5.616000175476074,7700.0
2025-02-11 00:00:00,5.360000133514404,5.679999828338623,5.208000183105469,5.519999980926514,14350.0
2025-02-12 00:00:00,5.480000019073486,5.599999904632568,5.199999809265137,5.199999809265137,7150.0
2025-02-13 00:00:00,5.288000106811523,5.51200008392334,5.28000020980835,5.504000186920166,5300.0
2025-02-14 00:00:00,5.23199987411499,5.480000019073486,5.119999885559082,5.360000133514404,12250.0
2025-02-18 00:00:00,5.239999771118164,5.519999980926514,5.1519999504089355,5.432000160217285,8113.0
2025-02-19 00:00:00,5.23199987411499,5.392000198364258,5.064000129699707,5.239999771118164,9588.0
2025-02-20 00:00:00,5.199999809265137,5.303999900817871,5.039999961853027,5.191999912261963,5475.0
2025-02-21 00:00:00,5.039999961853027,5.191999912261963,4.880000114440918,5.136000156402588,65938.0
2025-02-24 00:00:00,4.800000190734863,5.576000213623047,4.400000095367432,5.576000213623047,708200.0
2025-02-25 00:00:00,6.800000190734863,10.079999923706055,5.855999946594238,7.159999847412109,9174113.0
2025-02-26 00:00:00,5.223999977111816,6.400000095367432,5.039999961853027,6.079999923706055,269288.0
2025-02-27 00:00:00,4.480000019073486,5.159999847412109,4.360000133514404,4.863999843597412,91475.0
2025-02-28 00:00:00,4.960000038146973,5.111999988555908,4.464000225067139,4.800000190734863,35638.0
2025-03-03 00:00:00,4.639999866485596,4.800000190734863,4.480000019073486,4.696000099182129,25563.0
2025-03-04 00:00:00,4.688000202178955,4.800000190734863,4.239999771118164,4.584000110626221,23275.0
2025-03-05 00:00:00,4.952000141143799,4.960000038146973,4.480000019073486,4.800000190734863,391425.0
2025-03-06 00:00:00,5.751999855041504,5.992000102996826,4.800000190734863,5.111999988555908,301725.0
2025-03-07 00:00:00,6.392000198364258,6.800000190734863,5.111999988555908,5.751999855041504,113188.0
2025-03-10 00:00:00,6.111999988555908,6.559999942779541,5.776000022888184,6.072000026702881,62688.0
2025-03-11 00:00:00,5.76800012588501,6.328000068664551,5.519999980926514,6.328000068664551,40588.0
2025-03-12 00:00:00,5.360000133514404,5.736000061035156,5.0879998207092285,5.567999839782715,42963.0
2025-03-13 00:00:00,4.960000038146973,5.28000020980835,4.823999881744385,4.984000205993652,31075.0
2025-03-14 00:00:00,5.079999923706055,5.263999938964844,4.624000072479248,5.199999809265137,24825.0
2025-03-17 00:00:00,5.119999885559082,5.1519999504089355,4.808000087738037,5.1519999504089355,6213.0
2025-03-18 00:00:00,4.984000205993652,5.119999885559082,4.800000190734863,4.935999870300293,6513.0
2025-03-19 00:00:00,5.360000133514404,5.360000133514404,4.863999843597412,5.119999885559082,9638.0
2025-03-20 00:00:00,5.28000020980835,5.679999828338623,4.960000038146973,5.072000026702881,22688.0
2025-03-21 00:00:00,5.007999897003174,5.519999980926514,4.920000076293945,5.392000198364258,13913.0
2025-03-24 00:00:00,5.4079999923706055,5.440000057220459,5.119999885559082,5.144000053405762,18538.0
2025-03-25 00:00:00,5.119999885559082,5.400000095367432,5.039999961853027,5.28000020980835,12488.0
2025-03-26 00:00:00,5.199999809265137,5.199999809265137,4.960000038146973,5.039999961853027,3563.0
2025-03-27 00:00:00,5.144000053405762,5.199999809265137,5.0,5.079999923706055,2288.0
2025-03-28 00:00:00,5.0,5.119999885559082,4.880000114440918,4.880000114440918,3513.0
2025-03-31 00:00:00,4.800000190734863,5.039999961853027,4.639999866485596,5.039999961853027,8000.0
2025-04-01 00:00:00,4.728000164031982,5.039999961853027,4.559999942779541,4.960000038146973,12238.0
2025-04-02 00:00:00,4.960000038146973,5.039999961853027,4.495999813079834,5.0320000648498535,17463.0
2025-04-03 00:00:00,4.6479997634887695,4.808000087738037,4.328000068664551,4.808000087738037,5175.0
2025-04-04 00:00:00,4.71999979019165,4.760000228881836,4.25600004196167,4.480000019073486,14400.0
2025-04-07 00:00:00,4.504000186920166,4.800000190734863,4.383999824523926,4.576000213623047,8213.0
2025-04-08 00:00:00,4.239999771118164,4.559999942779541,4.239999771118164,4.535999774932861,3475.0
2025-04-09 00:00:00,4.960000038146973,4.960000038146973,4.079999923706055,4.079999923706055,19738.0
2025-04-10 00:00:00,4.415999889373779,4.800000190734863,4.159999847412109,4.800000190734863,15625.0
2025-04-11 00:00:00,4.423999786376953,4.559999942779541,4.159999847412109,4.455999851226807,13238.0
2025-04-14 00:00:00,4.400000095367432,4.559999942779541,4.176000118255615,4.552000045776367,4450.0
2025-04-15 00:00:00,4.552000045776367,4.599999904632568,4.320000171661377,4.559999942779541,8050.0
2025-04-16 00:00:00,4.159999847412109,4.480000019073486,4.159999847412109,4.320000171661377,5338.0
2025-04-17 00:00:00,4.552000045776367,4.552000045776367,4.159999847412109,4.159999847412109,6563.0
2025-04-21 00:00:00,4.703999996185303,4.703999996185303,4.176000118255615,4.25600004196167,15263.0
2025-04-22 00:00:00,4.559999942779541,4.639999866485596,4.392000198364258,4.400000095367432,2750.0
2025-04-23 00:00:00,5.25600004196167,5.25600004196167,4.447999954223633,4.927999973297119,77225.0
2025-04-24 00:00:00,4.992000102996826,5.199999809265137,4.71999979019165,5.199999809265137,19300.0
2025-04-25 00:00:00,4.920000076293945,5.079999923706055,4.559999942779541,4.840000152587891,6538.0
2025-04-28 00:00:00,5.0320000648498535,5.0320000648498535,4.6479997634887695,4.783999919891357,2450.0
2025-04-29 00:00:00,4.800000190734863,4.888000011444092,4.688000202178955,4.840000152587891,9950.0
2025-04-30 00:00:00,4.880000114440918,4.943999767303467,4.679999828338623,4.800000190734863,8450.0
2025-05-01 00:00:00,4.943999767303467,4.943999767303467,4.808000087738037,4.880000114440918,3700.0
2025-05-02 00:00:00,4.920000076293945,5.039999961853027,4.880000114440918,4.952000141143799,3138.0
2025-05-05 00:00:00,4.76800012588501,4.960000038146973,4.71999979019165,4.880000114440918,2963.0
2025-05-06 00:00:00,4.960000038146973,4.960000038146973,4.783999919891357,4.960000038146973,2550.0
2025-05-07 00:00:00,5.039999961853027,5.119999885559082,4.74399995803833,4.960000038146973,6513.0
2025-05-08 00:00:00,4.880000114440918,5.199999809265137,4.71999979019165,4.800000190734863,4213.0
2025-05-09 00:00:00,5.519999980926514,5.599999904632568,4.383999824523926,4.760000228881836,41850.0
2025-05-12 00:00:00,5.28000020980835,5.423999786376953,4.800000190734863,4.880000114440918,33600.0
2025-05-13 00:00:00,5.159999847412109,5.28000020980835,4.960000038146973,5.136000156402588,10888.0
2025-05-14 00:00:00,5.223999977111816,5.888000011444092,4.960000038146973,5.015999794006348,46350.0
2025-05-15 00:00:00,5.800000190734863,6.079999923706055,4.888000011444092,5.079999923706055,58463.0
2025-05-16 00:00:00,5.696000099182129,5.960000038146973,5.199999809265137,5.960000038146973,8663.0
2025-05-19 00:00:00,5.760000228881836,5.760000228881836,5.072000026702881,5.519999980926514,197638.0
2025-05-20 00:00:00,6.400000095367432,6.639999866485596,5.760000228881836,5.927999973297119,129325.0
2025-05-21 00:00:00,6.079999923706055,6.599999904632568,6.007999897003174,6.239999771118164,16050.0
2025-05-22 00:00:00,6.4079999923706055,6.599999904632568,6.0,6.159999847412109,12963.0
2025-05-23 00:00:00,6.1519999504089355,6.320000171661377,6.0,6.239999771118164,6113.0
2025-05-27 00:00:00,5.927999973297119,6.320000171661377,5.519999980926514,6.0,14750.0
2025-05-28 00:00:00,6.0,6.239999771118164,5.5279998779296875,5.920000076293945,6675.0
2025-05-29 00:00:00,6.079999923706055,6.311999797821045,5.631999969482422,6.263999938964844,8725.0
2025-05-30 00:00:00,6.888000011444092,7.920000076293945,5.039999961853027,5.992000102996826,628100.0
2025-06-02 00:00:00,9.359999656677246,10.720000267028809,7.8480000495910645,8.15999984741211,952600.0
2025-06-03 00:00:00,9.600000381469727,10.640000343322754,8.800000190734863,8.800000190734863,114063.0
2025-06-04 00:00:00,15.4399995803833,23.600000381469727,8.399999618530273,9.039999961853027,1793788.0
2025-06-05 00:00:00,19.68000030517578,25.040000915527344,16.079999923706055,16.639999389648438,858838.0
2025-06-06 00:00:00,17.360000610351562,24.399999618530273,14.15999984741211,19.68000030517578,262988.0
2025-06-09 00:00:00,21.200000762939453,24.0,17.440000534057617,17.440000534057617,210038.0
2025-06-10 00:00:00,21.760000228881836,26.639999389648438,21.200000762939453,24.239999771118164,174438.0
2025-06-11 00:00:00,31.84000015258789,33.7599983215332,22.719999313354492,22.719999313354492,541738.0
2025-06-12 00:00:00,28.239999771118164,33.119998931884766,24.799999237060547,32.31999969482422,137038.0
2025-06-13 00:00:00,26.959999084472656,27.920000076293945,25.200000762939453,25.440000534057617,46088.0
2025-06-16 00:00:00,32.400001525878906,35.91999816894531,26.399999618530273,28.079999923706055,152400.0
2025-06-17 00:00:00,29.84000015258789,34.720001220703125,26.399999618530273,34.08000183105469,91513.0
2025-06-18 00:00:00,27.84000015258789,33.20000076293945,26.0,27.920000076293945,48188.0
2025-06-20 00:00:00,31.200000762939453,34.400001525878906,28.15999984741211,28.15999984741211,76963.0
2025-06-23 00:00:00,40.31999969482422,42.2400016784668,30.719999313354492,31.84000015258789,114113.0
2025-06-24 00:00:00,47.040000915527344,53.52000045776367,38.959999084472656,40.31999969482422,233375.0
2025-06-25 00:00:00,38.400001525878906,55.599998474121094,35.36800003051758,48.31999969482422,110738.0
2025-06-26 00:00:00,44.63999938964844,47.7599983215332,40.720001220703125,40.959999084472656,76038.0
2025-06-27 00:00:00,40.959999084472656,44.880001068115234,40.0,44.79999923706055,32250.0
2025-06-30 00:00:00,48.47999954223633,50.63999938964844,40.63999938964844,41.91999816894531,50175.0
2025-07-01 00:00:00,43.279998779296875,46.79999923706055,40.0,45.599998474121094,33400.0
2025-07-02 00:00:00,47.119998931884766,50.400001525878906,41.608001708984375,41.68000030517578,34475.0
2025-07-03 00:00:00,40.2400016784668,47.040000915527344,37.055999755859375,46.31999969482422,61325.0
2025-07-07 00:00:00,42.2400016784668,45.4640007019043,40.33599853515625,40.79999923706055,45863.0
2025-07-08 00:00:00,42.47999954223633,44.0,40.47999954223633,42.880001068115234,17650.0
2025-07-09 00:00:00,32.0,46.0,31.68000030517578,42.400001525878906,69475.0
2025-07-10 00:00:00,34.97999954223633,39.73099899291992,32.099998474121094,34.099998474121094,128100.0
2025-07-11 00:00:00,28.90999984741211,33.400001525878906,28.850000381469727,33.400001525878906,82600.0
2025-07-14 00:00:00,31.579999923706055,35.0,29.1200008392334,30.489999771118164,78900.0
2025-07-15 00:00:00,29.200000762939453,32.15700149536133,28.31999969482422,31.020000457763672,44500.0
2025-07-16 00:00:00,29.979999542236328,30.34000015258789,27.15999984741211,29.920000076293945,20600.0
2025-07-17 00:00:00,29.979999542236328,31.5,29.149999618530273,29.518999099731445,18800.0
2025-07-18 00:00:00,28.1200008392334,30.260000228881836,28.1200008392334,29.450000762939453,12900.0
2025-07-21 00:00:00,24.989999771118164,28.110000610351562,24.010000228881836,26.780000686645508,51500.0
2025-07-22 00:00:00,28.0,28.5,24.5,25.0,31100.0
2025-07-23 00:00:00,28.020000457763672,30.479999542236328,24.559999465942383,25.770000457763672,31300.0
2025-07-24 00:00:00,26.309999465942383,29.000999450683594,24.600000381469727,28.989999771118164,15400.0
2025-07-25 00:00:00,27.020000457763672,28.5,25.989999771118164,26.0,18000.0
2025-07-28 00:00:00,26.5,28.0,26.5,28.0,14000.0
2025-07-29 00:00:00,24.15999984741211,26.985000610351562,24.149999618530273,26.899999618530273,17700.0
2025-07-30 00:00:00,22.020000457763672,24.540000915527344,19.479999542236328,24.510000228881836,66600.0
2025-07-31 00:00:00,24.1200008392334,24.600000381469727,22.020000457763672,22.739999771118164,29900.0
2025-08-01 00:00:00,24.5,28.299999237060547,21.0,22.479999542236328,45200.0
2025-08-04 00:00:00,23.299999237060547,25.950000762939453,21.989999771118164,24.0,15600.0
2025-08-05 00:00:00,23.139999389648438,25.389999389648438,21.950000762939453,23.260000228881836,23000.0
2025-08-06 00:00:00,27.350000381469727,29.082000732421875,22.75,23.010000228881836,37500.0
2025-08-07 00:00:00,27.709999084472656,28.68000030517578,25.5049991607666,28.68000030517578,29000.0
2025-08-08 00:00:00,37.38999938964844,37.571998596191406,28.68400001525879,28.68400001525879,51100.0
2025-08-11 00:00:00,39.56999969482422,42.47999954223633,36.53499984741211,37.45000076293945,57600.0
2025-08-12 00:00:00,44.77000045776367,44.77000045776367,39.099998474121094,40.29999923706055,39600.0
2025-08-13 00:00:00,47.79999923706055,48.63999938964844,45.0,45.0,34800.0
2025-08-14 00:00:00,41.869998931884766,48.45000076293945,39.560001373291016,46.31999969482422,24900.0
2025-08-15 00:00:00,39.70000076293945,43.689998626708984,38.130001068115234,43.689998626708984,27200.0
2025-08-18 00:00:00,39.7400016784668,43.70000076293945,37.619998931884766,38.2599983215332,14300.0
2025-08-19 00:00:00,33.97800064086914,38.54899978637695,31.239999771118164,35.119998931884766,29300.0
2025-08-20 00:00:00,36.474998474121094,36.79999923706055,30.760000228881836,33.86000061035156,35600.0
2025-08-21 00:00:00,36.79999923706055,39.189998626708984,35.95000076293945,35.95000076293945,25200.0
2025-08-22 00:00:00,37.29999923706055,38.97999954223633,36.810001373291016,36.810001373291016,13200.0
2025-08-25 00:00:00,37.209999084472656,39.29999923706055,35.25,36.75,24300.0
2025-08-26 00:00:00,35.7400016784668,38.400001525878906,34.11000061035156,37.900001525878906,6300.0
2025-08-27 00:00:00,37.0,41.5,35.0,35.0,26100.0
2025-08-28 00:00:00,36.11000061035156,37.9900016784668,36.0,37.29999923706055,16900.0
2025-08-29 00:00:00,39.0,39.224998474121094,34.31999969482422,34.900001525878906,20500.0
2025-09-02 00:00:00,37.41999816894531,39.529998779296875,34.02000045776367,37.099998474121094,17400.0
2025-09-03 00:00:00,34.000999450683594,37.62799835205078,33.0,35.0,18400.0
2025-09-04 00:00:00,29.030000686645508,34.9900016784668,27.049999237060547,34.9900016784668,18600.0
2025-09-05 00:00:00,29.34000015258789,32.4900016784668,25.079999923706055,32.4900016784668,26000.0
2025-09-08 00:00:00,31.739999771118164,35.86000061035156,31.0,31.0,48000.0
2025-09-09 00:00:00,31.010000228881836,35.0,30.0,35.0,24700.0
2025-09-10 00:00:00,34.41999816894531,38.22999954223633,31.954999923706055,32.45800018310547,71000.0
2025-09-11 00:00:00,35.70000076293945,37.21099853515625,32.0,33.54999923706055,54900.0
2025-09-12 00:00:00,44.0099983215332,60.72999954223633,33.5,33.5,186900.0
2025-09-15 00:00:00,44.400001525878906,59.79999923706055,40.0099983215332,57.560001373291016,256100.0
2025-09-16 00:00:00,43.70000076293945,44.95000076293945,39.380001068115234,43.810001373291016,50800.0
2025-09-17 00:00:00,42.47999954223633,45.599998474121094,42.06999969482422,42.06999969482422,27300.0
2025-09-18 00:00:00,41.0099983215332,44.75,39.0,40.29999923706055,70100.0
2025-09-19 00:00:00,39.7400016784668,40.68899917602539,36.34000015258789,39.79999923706055,56400.0
2025-09-22 00:00:00,38.849998474121094,39.54600143432617,37.209999084472656,37.310001373291016,30700.0
2025-09-23 00:00:00,38.68000030517578,45.099998474121094,37.02000045776367,37.02000045776367,68200.0
2025-09-24 00:00:00,36.31999969482422,42.0099983215332,35.9900016784668,41.040000915527344,53900.0
2025-09-25 00:00:00,35.900001525878906,37.29800033569336,32.869998931884766,36.599998474121094,72600.0
2025-09-26 00:00:00,35.7400016784668,38.380001068115234,32.92300033569336,36.45000076293945,31800.0
2025-09-29 00:00:00,33.20000076293945,37.130001068115234,33.150001525878906,33.150001525878906,22400.0
2025-09-30 00:00:00,37.040000915527344,39.0,34.189998626708984,34.7400016784668,61300.0
